서비스구분,서비스ID,대분류명,소분류명,서비스상태,서비스명
자체,S251123130842289825,체육시설,축구장,접수중,2026년 축구장-잠원한강공원
자체,S251123101131914502,체육시설,농구장,접수중,2026냔 농구장4-잠원한강공원
자체,S251123104303177370,체육시설,농구장,접수중,2026년 농구장3-잠원한강공원
자체,S251123104523867038,체육시설,농구장,접수중,2026년 농구장2-잠원한강공원
자체,S251123104733762948,체육시설,농구장,접수중,2026년 농구장1-잠원한강공원
자체,S251119173904566376,체육시설,축구장,접수중,2026년 축구장-반포한강공원
자체,S251123100255050953,체육시설,농구장,접수중,2026년 농구장2(상류)-반포한강공원
자체,S251123100610488569,체육시설,농구장,접수중,2026년 농구장1(상류)-반포한강공원
자체,S151223153002877769,체육시설,축구장,접수종료,인재개발원 축구장 대관
자체,S240911090012102103,체육시설,축구장,예약마감,축구 / 방배 / (24년 10~이후) 서초구 예약시스템에서 예약가능
자체,S240911090754004562,체육시설,풋살장,예약마감,풋살 / 방배 / (24년 10~이후) 서초구 예약시스템에서 예약가능
자체,S240911091215262623,체육시설,축구장,예약마감,축구 / 양재 / (24년 10~이후) 서초구 예약시스템에서 예약가능
자체,S190502151751379566,체육시설,테니스장,접수종료,인재개발원 테니스장(인조잔디 A면) 대관
자체,S190502160848522070,체육시설,테니스장,접수종료,인재개발원 테니스장(인조잔디 B면) 대관
자체,S251123095853782127,체육시설,농구장,접수중,2026년 농구장3(안내센터 앞)-반포한강공원
자체,S260727092401151116,체육시설,테니스장,예약일시중지,잠원 한강공원 테니스장 3번 코트 저녁
자체,S260727092838712920,체육시설,테니스장,예약일시중지,잠원 한강공원 테니스장 2번 코트 저녁
자체,S260727093621459196,체육시설,테니스장,예약일시중지,잠원 한강공원 테니스장 1번 코트 저녁
자체,S241210095552925088,체육시설,풋살장,접수종료,잠실제3풋살경기장-토/일/공휴일(야간사용)
자체,S241210100011131040,체육시설,풋살장,접수종료,잠실제3풋살경기장-토/일/공휴일(주간사용)
자체,S241210100257966783,체육시설,풋살장,접수종료,잠실제3풋살경기장-토/일/공휴일(조기사용)
자체,S241210100509852746,체육시설,풋살장,접수종료,잠실제3풋살경기장-평일(야간사용)
자체,S241210100804518772,체육시설,풋살장,접수종료,잠실제3풋살경기장-평일(주간사용)
자체,S241210100945082970,체육시설,풋살장,접수종료,잠실제3풋살경기장-평일(조기사용)
자체,S250113101314920195,체육시설,풋살장,접수종료,잠실제3풋살경기장-토/일/공휴일(야간사용)
자체,S250113101640215242,체육시설,풋살장,접수종료,잠실제3풋살경기장-토/일/공휴일(주간사용)
자체,S250113101818758665,체육시설,풋살장,접수종료,잠실제3풋살경기장-토/일/공휴일(조기사용)
자체,S250113102023294415,체육시설,풋살장,접수종료,잠실제3풋살경기장-평일(야간사용)
자체,S250113102201218909,체육시설,풋살장,접수종료,잠실제3풋살경기장-평일(주간사용)
자체,S250113102338543201,체육시설,풋살장,접수종료,잠실제3풋살경기장-평일(조기사용)
자체,S250211135036404614,체육시설,풋살장,접수중,잠실제3풋살경기장-토/일/공휴일(야간사용)
자체,S250211140953971656,체육시설,풋살장,접수중,잠실제3풋살경기장-토/일/공휴일(주간사용)
자체,S250211141846313201,체육시설,풋살장,접수중,잠실제3풋살경기장-토/일/공휴일(조기사용)
자체,S250211142516076364,체육시설,풋살장,접수중,잠실제3풋살경기장-평일(야간사용)
자체,S250211143413155816,체육시설,풋살장,접수중,잠실제3풋살경기장-평일(주간사용)
자체,S250211145700584544,체육시설,풋살장,접수중,잠실제3풋살경기장-평일(조기사용)
자체,S251123120252424273,체육시설,족구장,접수중,2026년 족구장2(안내센터상류)-광나루한강공원
자체,S251123120009548472,체육시설,족구장,접수중,2026년 족구장3(안내센터상류)-광나루한강공원
자체,S251122105737711565,체육시설,야구장,접수중,2026년 광나루 어린이야구장-광나루한강공원
자체,S251121171853868569,체육시설,야구장,접수중,2026년 광나루 성인야구장(평일)-광나루한강공원
자체,S251122083847480833,체육시설,야구장,접수중,2026년 광나루 성인야구장(토/일/공휴일)-광나루한강공원
자체,S251123131225200695,체육시설,축구장,접수중,2026년 축구장2-광나루한강공원
자체,S251123120515356803,체육시설,족구장,접수중,2026년 족구장1(안내센터상류)-광나루한강공원
자체,S251123111855916611,체육시설,농구장,접수중,2026년 농구장2-광나루한강공원
자체,S251123112135517119,체육시설,농구장,접수중,2026년 농구장1-광나루한강공원
자체,S251123131441208582,체육시설,축구장,접수중,2026년 축구장3-광나루한강공원
자체,S260730095228742969,체육시설,테니스장,접수중,광나루 한강공원 테니스장 3번 코트 - 평일
자체,S260730095436703406,체육시설,테니스장,접수중,광나루 한강공원 테니스장 4번 코트 - 평일
자체,S260730095608515333,체육시설,테니스장,접수중,광나루 한강공원 테니스장 5번 코트 - 평일
자체,S260730095739784984,체육시설,테니스장,접수중,광나루 한강공원 테니스장 6번 코트 - 평일
자체,S260730095903156340,체육시설,테니스장,접수중,광나루 한강공원 테니스장 7번 코트 - 평일
자체,S260730100030076384,체육시설,테니스장,예약마감,광나루 한강공원 테니스장 3번 코트 - 저녁
자체,S260730100200607191,체육시설,테니스장,예약마감,광나루 한강공원 테니스장 4번 코트 - 저녁
자체,S260730100335752403,체육시설,테니스장,예약마감,광나루 한강공원 테니스장 5번 코트 - 저녁
자체,S250608153823623749,체육시설,테니스장,접수중,(평일)독산테니스장-1번코트
자체,S250712120547598199,체육시설,테니스장,접수중,(일)독산테니스장-1번코트
자체,S250712121207500006,체육시설,테니스장,접수중,(평일)독산테니스장-2번코트
자체,S250712121531482948,체육시설,테니스장,예약마감,(일)독산테니스장-2번코트
자체,S260629103708387263,체육시설,골프장,접수종료,금천 한내 파크골프장
자체,S260611110531602151,체육시설,야구장,접수종료,26년 07월 평일 주간 신월야구장( 선착순)
자체,S260710132005081012,체육시설,야구장,접수종료,26년 08월 평일 주간 신월야구장( 선착순)
자체,S260630083806147346,체육시설,풋살장,접수중,8월 서서울호수공원 풋살장 대여 (평일주간 08시 이전) 7월 3일 오후2시 접수
자체,S260630085918959513,체육시설,풋살장,접수중,8월 서서울호수공원 풋살장 대여 (평일주간 08시 이후) 7월 3일 오후2시 접수
자체,S260630090507589917,체육시설,풋살장,접수중,"8월 서서울호수공원 풋살장 대여 (평일야간, 주말, 공휴일) 7월 3일 오후2시 접수"
자체,S260709085252113893,체육시설,풋살장,접수중,9월 서서울호수공원 풋살장 대여 (평일주간 08시 이전) 8월 5일 오후2시 접수
자체,S260709130728954099,체육시설,풋살장,접수중,9월 서서울호수공원 풋살장 대여 (평일주간 08시 이후) 8월 5일 오후2시 접수
자체,S260722155051628235,체육시설,풋살장,접수중,"9월 서서울호수공원 풋살장 대여 (평일야간, 주말, 공휴일) 8월 5일 오후2시 접수"
자체,S260730153750703793,체육시설,풋살장,안내중,10월 서서울호수공원 풋살장 대여 (평일주간 08시 이전) 9월 4일 오후2시 접수
자체,S260730154544287793,체육시설,풋살장,안내중,10월 서서울호수공원 풋살장 대여 (평일주간 08시 이후) 9월 4일 오후2시 접수
자체,S260730160251089306,체육시설,풋살장,안내중,"10월 서서울호수공원 풋살장 대여 (평일야간, 주말, 공휴일) 9월 4일 오후2시 접수"
자체,S260626100431275656,체육시설,야구장,접수종료,26년 8월 신월야구장 공개 추첨 및 선착순 접수 계획
자체,S260826150114243269,체육시설,야구장,안내중,26년 10월 신월야구장 공개 추첨 및 선착순 접수 계획
자체,S230428115408736358,체육시설,테니스장,예약마감,서울에너지공사 목동 테니스장 1면 (공휴일) 08:00~18:00
자체,S230425174848455942,체육시설,테니스장,예약마감,서울에너지공사 목동 테니스장 2면 (공휴일) 08:00~18:00
자체,S260727144742322007,체육시설,야구장,접수종료,26년 9월 신월야구장 공개 추첨 및 선착순 접수 계획
자체,S260812075604051573,체육시설,야구장,접수종료,26년 09월 평일 주간 신월야구장( 선착순)
연계,XML-changdong11,체육시설,골프장,접수중,창동문화체육센터 스크린파크골프장
연계,XML-Dobongdong,체육시설,체육관,안내중,도봉동실내스포츠센터 실내체육관
자체,S250825134156226942,체육시설,체육관,예약마감,창동문화체육센터 실내체육관 대관(주말)
자체,S251117162716871922,체육시설,체육관,예약마감,쌍문종합체육센터 실내체육관 대관(토)
자체,S260116101639588541,체육시설,테니스장,접수중,다락원체육공원 실내·실외 테니스장 대관
자체,S260224130608753631,체육시설,체육관,접수종료,도봉동실내스포츠센터 실내체육관 대관(주말)
연계,XML-changdong,체육시설,풋살장,접수중,창동문화체육센터 풋살구장
자체,S260520140134270175,체육시설,골프장,예약마감,서울디지털동행플라자 도봉센터 스크린 파크골프
연계,XML-dobongdongb,체육시설,골프장,접수중,도봉동실내스포츠센터 별관 스크린 파크골프 대관
자체,S251209090453675144,체육시설,축구장,접수중,2026년 보라매공원 인조잔디 축구장(발달장애)
자체,S251209095024061685,체육시설,축구장,접수중,2026년 보라매공원 인조잔디 축구장(평일주간)
자체,S251209100846015400,체육시설,축구장,예약마감,2026년 9월 보라매공원 인조잔디 축구장(평일야간)
자체,S251209131904970635,체육시설,축구장,접수종료,2026년 9월 보라매공원 인조잔디 축구장(토/일/공휴일 야간)
자체,S251209133301887008,체육시설,축구장,접수종료,2026년 9월 보라매공원 인조잔디 축구장(토/일/공휴일 주간)
자체,S260721101138808675,체육시설,축구장,예약마감,(26.8월)동작구 노들나루공원 축구장
자체,S260721102733003691,체육시설,풋살장,예약마감,(26.8월)동작구 노들나루공원 풋살장
자체,S260721103444811279,체육시설,족구장,예약마감,(26.8월)동작구 노들나루공원 족구장
자체,S260821142440359268,체육시설,축구장,접수중,(26.9월)동작구 노들나루공원 축구장
자체,S260821150102379034,체육시설,풋살장,접수중,(26.9월)동작구 노들나루공원 풋살장
자체,S260821154931394637,체육시설,족구장,접수중,(26.9월)동작구 노들나루공원 족구장
자체,S260608154916849108,체육시설,축구장,접수종료,(평일-동작구)(추첨)26.7~8월 노량진 축구장
자체,S260608163948100913,체육시설,축구장,접수종료,(주말-동작구)(추첨)26.7~8월 노량진 축구장
자체,S260714135703382633,체육시설,축구장,예약마감,(평일-전국)26.8월 노량진 축구장
자체,S260714144345847679,체육시설,축구장,예약마감,(주말-전국)26.8월 노량진 축구장
자체,S260714145130409149,체육시설,야구장,예약마감,(평일주간)26.8월 노량진 야구장
자체,S260714155730650162,체육시설,야구장,예약마감,"(평일야간,주말주간)26.8월 노량진 야구장"
자체,S260714162842206290,체육시설,야구장,예약마감,(주말야간)26.8월 노량진 야구장
